{"RuleTriggered": 0, "Violations": 0, "Details": {"pin_memory": false, "num_workers": 0, "cores": 4, "dataloaders": 1, "dataloading_time": {"p25": 0.407932, "p50": 0.409849, "p95": 0.41329960000000004, "probs": [1, 0, 0, 0, 0, 0, 0, 0, 0, 0, 0, 0, 0, 0, 0, 0, 0, 0, 0, 0, 0, 0, 0, 0, 0, 0, 0, 0, 0, 0, 0, 0, 0, 0, 0, 0, 0, 0, 0, 0, 0, 0, 0, 0, 0, 0, 0, 0, 0, 0, 0, 0, 0, 0, 0, 0, 0, 0, 0, 0, 0, 0, 0, 0, 0, 0, 0, 0, 0, 0, 0, 0, 0, 0, 0, 0, 0, 0, 0, 0, 0, 0, 0, 0, 0, 0, 0, 0, 0, 0, 0, 0, 0, 0, 0, 0, 0, 0, 0, 1], "binedges": [0.406015, 0.40609168, 0.40616836, 0.40624504, 0.40632172, 0.4063984, 0.40647508, 0.40655176000000004, 0.40662844000000004, 0.40670512000000003, 0.4067818, 0.40685848, 0.40693516, 0.40701184, 0.40708852, 0.4071652, 0.40724188, 0.40731856, 0.40739524, 0.40747192000000004, 0.40754860000000004, 0.40762528000000003, 0.40770196000000003, 0.40777864, 0.40785532, 0.407932, 0.40800868, 0.40808536, 0.40816204, 0.40823872, 0.4083154, 0.40839208, 0.40846876000000004, 0.40854544000000004, 0.40862212000000003, 0.40869880000000003, 0.40877548, 0.40885216, 0.40892884, 0.40900552, 0.4090822, 0.40915888, 0.40923556, 0.40931224, 0.40938892000000005, 0.40946560000000004, 0.40954228000000004, 0.40961896000000003, 0.40969564, 0.40977232, 0.409849, 0.40992568, 0.41000236, 0.41007904, 0.41015572, 0.4102324, 0.41030908, 0.41038576000000004, 0.41046244000000004, 0.41053912000000004, 0.41061580000000003, 0.41069248, 0.41076916, 0.41084584, 0.41092252, 0.4109992, 0.41107588, 0.41115256, 0.41122924, 0.41130592000000005, 0.41138260000000004, 0.41145928000000004, 0.41153596000000003, 0.41161264000000003, 0.41168932, 0.411766, 0.41184268, 0.41191936, 0.41199604, 0.41207272, 0.4121494, 0.41222608, 0.41230276000000005, 0.41237944000000004, 0.41245612000000004, 0.41253280000000003, 0.41260948000000003, 0.41268616, 0.41276284, 0.41283952, 0.4129162, 0.41299288, 0.41306956, 0.41314624, 0.41322292000000005, 0.41329960000000004, 0.41337628000000004, 0.41345296000000004, 0.41352964000000003, 0.41360632, 0.413683]}}, "Datapoints": 2, "RuleParameters": "min_threshold:70\nmax_threshold:200"}