{"RuleTriggered": 0, "Violations": 0, "Details": {"step_details": {"algo-1-42": {"step_stats": {"mean": 2.7635643884892085, "max": 6.043307, "p99": 3.60475278, "p95": 3.324849, "p50": 2.765969, "min": 1.499765}, "number_of_outliers": 1, "phase": "Step:ModeKeys.EVAL", "stddev": 0.39, "probs": [1, 0, 2, 0, 0, 0, 0, 0, 0, 0, 0, 0, 0, 0, 0, 0, 1, 0, 0, 0, 0, 0, 0, 0, 0, 0, 0, 0, 0, 0, 0, 0, 0, 0, 0, 0, 0, 0, 0, 0, 0, 0, 0, 0, 0, 0, 0, 0, 4, 6, 2, 6, 11, 2, 2, 0, 0, 0, 7, 26, 26, 14, 8, 4, 5, 0, 1, 0, 0, 2, 0, 0, 0, 0, 0, 0, 0, 0, 0, 0, 0, 1, 0, 0, 0, 0, 2, 1, 0, 2, 0, 0, 0, 0, 0, 0, 0, 0, 0, 2], "binedges": [1.499765, 1.52087746, 1.54198992, 1.5631023800000001, 1.58421484, 1.6053273, 1.62643976, 1.6475522200000001, 1.66866468, 1.68977714, 1.7108896, 1.7320020600000001, 1.75311452, 1.77422698, 1.79533944, 1.8164519000000001, 1.83756436, 1.85867682, 1.87978928, 1.9009017400000001, 1.9220142, 1.94312666, 1.96423912, 1.9853515800000001, 2.00646404, 2.0275765, 2.04868896, 2.06980142, 2.09091388, 2.11202634, 2.1331388000000002, 2.15425126, 2.17536372, 2.19647618, 2.2175886399999998, 2.2387011, 2.25981356, 2.28092602, 2.30203848, 2.32315094, 2.3442634, 2.36537586, 2.3864883199999998, 2.40760078, 2.42871324, 2.4498257, 2.47093816, 2.49205062, 2.51316308, 2.53427554, 2.5553879999999998, 2.57650046, 2.59761292, 2.61872538, 2.63983784, 2.6609503, 2.68206276, 2.70317522, 2.7242876799999998, 2.74540014, 2.7665126, 2.78762506, 2.80873752, 2.82984998, 2.85096244, 2.8720749, 2.8931873599999998, 2.91429982, 2.93541228, 2.95652474, 2.9776372, 2.99874966, 3.01986212, 3.04097458, 3.0620870399999998, 3.0831995, 3.10431196, 3.12542442, 3.14653688, 3.16764934, 3.1887618, 3.20987426, 3.2309867199999998, 3.25209918, 3.27321164, 3.2943241, 3.31543656, 3.33654902, 3.35766148, 3.37877394, 3.3998863999999998, 3.42099886, 3.44211132, 3.46322378, 3.48433624, 3.5054487, 3.52656116, 3.54767362, 3.5687860799999997, 3.58989854, 3.611011], "step_numbers": ["0"]}, "algo-2-42": {"step_stats": {"mean": 2.7809112520325203, "max": 5.91208, "p99": 3.71678488, "p95": 2.8580528, "p50": 2.76049, "min": 1.428995}, "number_of_outliers": 1, "phase": "Step:ModeKeys.EVAL", "stddev": 0.37, "probs": [1, 1, 0, 0, 0, 0, 1, 0, 0, 0, 0, 0, 0, 0, 0, 0, 0, 0, 0, 0, 0, 0, 0, 0, 0, 0, 0, 0, 0, 0, 0, 0, 0, 0, 0, 0, 0, 0, 0, 0, 0, 0, 0, 0, 0, 0, 0, 0, 0, 0, 0, 0, 0, 0, 2, 6, 26, 25, 16, 14, 17, 7, 2, 1, 0, 0, 0, 0, 0, 0, 0, 0, 1, 0, 0, 0, 0, 0, 0, 0, 0, 0, 0, 0, 0, 0, 0, 0, 0, 0, 0, 0, 0, 0, 0, 0, 0, 0, 1, 1], "binedges": [1.428995, 1.45197222, 1.47494944, 1.49792666, 1.52090388, 1.5438811000000001, 1.5668583200000001, 1.58983554, 1.61281276, 1.63578998, 1.6587672, 1.68174442, 1.70472164, 1.72769886, 1.75067608, 1.7736532999999999, 1.79663052, 1.81960774, 1.84258496, 1.86556218, 1.8885394, 1.91151662, 1.93449384, 1.95747106, 1.98044828, 2.0034255, 2.02640272, 2.04937994, 2.07235716, 2.09533438, 2.1183116, 2.1412888199999998, 2.1642660400000002, 2.18724326, 2.2102204800000003, 2.2331977, 2.25617492, 2.27915214, 2.30212936, 2.32510658, 2.3480838, 2.37106102, 2.39403824, 2.41701546, 2.43999268, 2.4629699, 2.48594712, 2.50892434, 2.53190156, 2.55487878, 2.5778559999999997, 2.60083322, 2.6238104399999997, 2.64678766, 2.66976488, 2.6927421000000002, 2.71571932, 2.7386965400000003, 2.76167376, 2.78465098, 2.8076282, 2.83060542, 2.85358264, 2.87655986, 2.89953708, 2.9225143, 2.94549152, 2.96846874, 2.99144596, 3.01442318, 3.0374004, 3.0603776199999997, 3.08335484, 3.1063320599999997, 3.12930928, 3.1522864999999998, 3.1752637200000002, 3.19824094, 3.2212181600000003, 3.24419538, 3.2671726, 3.29014982, 3.31312704, 3.33610426, 3.35908148, 3.3820587, 3.40503592, 3.42801314, 3.45099036, 3.47396758, 3.4969448, 3.51992202, 3.54289924, 3.56587646, 3.58885368, 3.6118309, 3.63480812, 3.6577853399999998, 3.68076256, 3.70373978, 3.726717], "step_numbers": ["0"]}}}, "Datapoints": 1901, "RuleParameters": "threshold:3\nmode:None\nn_outliers:10\nstddev:3"}